{
  "frontend/vite.config.ts": 1781029073.8233373,
  "frontend/src/App.tsx": 1781073825.6149507,
  "frontend/src/counter.ts": 1780911245.6248393,
  "frontend/src/main.tsx": 1780911245.62504,
  "frontend/src/main.ts": 1780911245.6249716,
  "frontend/src/components/Nav.tsx": 1781075251.600909,
  "frontend/src/components/ApprovalQueue.tsx": 1781073825.6177936,
  "frontend/src/components/AgentPanel.tsx": 1781073825.6155975,
  "frontend/src/components/LiveFeed.tsx": 1781016227.2421482,
  "frontend/src/components/AICopilot.tsx": 1781074269.1821895,
  "frontend/src/components/DemoControls.tsx": 1781016284.201928,
  "frontend/src/components/Analytics.tsx": 1781073825.615901,
  "frontend/src/components/StadiumMap.tsx": 1781019503.9586346,
  "frontend/src/components/RestockPanel.tsx": 1781073825.618563,
  "frontend/src/components/EventTimeline.tsx": 1781073825.6183324,
  "frontend/src/components/CampaignsPanel.tsx": 1781073825.618045,
  "frontend/src/pages/SupplyHub.tsx": 1781075513.5242252,
  "frontend/src/pages/Dashboard.tsx": 1781075338.6367261,
  "frontend/src/pages/Platform.tsx": 1781075427.317876,
  "frontend/src/pages/Contact.tsx": 1781075442.398542,
  "frontend/src/pages/Capabilities.tsx": 1781075470.5843427,
  "frontend/src/pages/Operations.tsx": 1781075433.266283,
  "frontend/src/pages/GlobalAnalytics.tsx": 1781075581.6408296,
  "frontend/src/pages/Landing.tsx": 1781075594.7427237,
  "frontend/src/pages/Process.tsx": 1781075507.5063078,
  "frontend/src/pages/OperatorCenter.tsx": 1781075519.4630232,
  "frontend/src/pages/SystemStatus.tsx": 1781075575.9997544,
  "frontend/src/store/useStore.ts": 1781028856.266051,
  "backend/setup_elastic.py": 1781073825.6143413,
  "backend/app/config.py": 1781073825.610226,
  "backend/app/main.py": 1781073825.6120868,
  "backend/app/routers/vendors.py": 1781073825.6140304,
  "backend/app/routers/approvals.py": 1781009517.9821446,
  "backend/app/routers/events.py": 1781073825.6137843,
  "backend/app/routers/websockets.py": 1781028828.0188775,
  "backend/app/routers/__init__.py": 1780911245.602453,
  "backend/app/routers/chat.py": 1781073825.612408,
  "backend/app/routers/zones.py": 1780911245.6030557,
  "backend/app/routers/status.py": 1781073825.6138906,
  "backend/app/infra/__init__.py": 1780919410.7151191,
  "backend/app/infra/pubsub.py": 1781020897.5113964,
  "backend/app/infra/mock_redis.py": 1780993133.3830311,
  "backend/app/llm/__init__.py": 1780991917.9873354,
  "backend/app/llm/gemini.py": 1780991946.7771633,
  "backend/app/elastic/ingestion.py": 1781073825.6117258,
  "backend/app/elastic/client.py": 1781087227.0206246,
  "backend/app/elastic/__init__.py": 1780911245.6011715,
  "backend/app/elastic/indexes.py": 1781073825.6106372,
  "backend/app/agents/verification.py": 1781073825.6099288,
  "backend/app/agents/execution.py": 1781073825.6092885,
  "backend/app/agents/adk_agent.py": 1781009320.3505378,
  "backend/app/agents/marketing.py": 1781009433.072935,
  "backend/app/agents/__init__.py": 1780911245.6004765,
  "backend/app/agents/planning.py": 1781009332.41471,
  "backend/app/agents/perception.py": 1781013574.9177642,
  "backend/app/agents/manager.py": 1781073825.6096468,
  "backend/app/agents/validation.py": 1780990072.7423568,
  "backend/app/agents/inventory.py": 1780911245.6006382,
  "backend/app/mcp/tools.py": 1780993144.3403878,
  "backend/app/mcp/__init__.py": 1780911245.6015978,
  "backend/app/mcp/router.py": 1780993136.470146,
  "backend/app/observability/tracer.py": 1781073825.6122985,
  "backend/app/simulator/vendors.py": 1780911245.6037405,
  "backend/app/simulator/events.py": 1781012819.5819542,
  "backend/app/simulator/engine.py": 1780990146.2708058,
  "backend/app/simulator/demo.py": 1781012789.9586394,
  "backend/app/ml/predictor.py": 1781013551.606106,
  "backend/app/ml/train_model.py": 1780920013.574044,
  "backend/app/ml/generate_synthetic_data.py": 1780919975.1266267,
  "backend/app/ml/__init__.py": 1780919140.4610958,
  "backend/tests/test_pubsub.py": 1780990186.9660227,
  "backend/tests/__init__.py": 1780911245.6043298,
  "backend/tests/test_execution.py": 1781028979.536598,
  "backend/tests/test_ml_pipeline.py": 1780987612.4294631,
  "backend/tests/test_phase1.py": 1780911245.6046257,
  "backend/tests/test_agents.py": 1781073825.6148298,
  "arena_plus_documentation.txt": 1781073825.6089814,
  "README.md": 1781013668.2349389,
  "project_idea.md": 1780990611.7807407,
  "CLAUDE.md": 1781079750.8931773,
  "HACKATHON_PLAN.md": 1781081373.2817721,
  "backend/requirements.txt": 1781073825.6142516,
  "models/evaluation_report.txt": 1780920026.9878306,
  "frontend/public/icons.svg": 1780911245.6054375,
  "frontend/public/favicon.svg": 1780911245.6053054,
  "frontend/public/images/4143343.jpg": 1780911245.6185875,
  "frontend/public/images/1663680175_1u1a3799.jpg": 1780911245.6151311,
  "frontend/public/images/wp2981717.jpg": 1780911245.6237555,
  "frontend/public/images/585758-american-anticipation.jpg": 1780911245.620965,
  "frontend/public/images/1075025.jpg": 1780911245.613266,
  "frontend/public/images/1947558.jpg": 1780911245.6171272,
  "frontend/src/assets/hero.png": 1780911245.6240294,
  "frontend/src/assets/vite.svg": 1780911245.624347,
  "frontend/src/assets/typescript.svg": 1780911245.6241045,
  "images/4143343.jpg": 1780911245.6416364,
  "images/1663680175_1u1a3799.jpg": 1780911245.639661,
  "images/wp2981717.jpg": 1780911245.6430879,
  "images/585758-american-anticipation.jpg": 1780911245.642399,
  "images/1075025.jpg": 1780911245.6380303,
  "images/1947558.jpg": 1780911245.6410186
}